{"cameraMode":{"drawMode":0,"name":"Shaded","section":"Shading Mode"},"sceneLighting":true,"audioPlay":false,"sceneViewState":{"showFog":true,"showMaterialUpdate":false,"showSkybox":true,"showFlares":true,"showImageEffects":true,"showParticleSystems":true},"in2DMode":false,"pivot":{"x":-2.1579134464263918,"y":0.672572135925293,"z":0.41986703872680666},"rotation":{"x":-0.20686335861682893,"y":-0.12087678164243698,"z":0.02576535940170288,"w":-0.9705399870872498},"size":2.8456385135650636,"orthographic":false}