{"cameraMode":{"drawMode":0,"name":"Shaded","section":"Shading Mode"},"sceneLighting":true,"audioPlay":false,"sceneViewState":{"showFog":true,"showMaterialUpdate":false,"showSkybox":true,"showFlares":true,"showImageEffects":true,"showParticleSystems":true},"in2DMode":false,"pivot":{"x":-1.4704952239990235,"y":0.6374998092651367,"z":1.7500004768371583},"rotation":{"x":0.05397256836295128,"y":0.0074894018471241,"z":-0.00040473518311046064,"w":0.998515784740448},"size":7.21088171005249,"orthographic":false}