{"cameraMode":{"drawMode":0,"name":"Shaded","section":"Shading Mode"},"sceneLighting":true,"audioPlay":false,"sceneViewState":{"showFog":true,"showMaterialUpdate":false,"showSkybox":true,"showFlares":true,"showImageEffects":true,"showParticleSystems":true},"in2DMode":false,"pivot":{"x":387.0465087890625,"y":217.92636108398438,"z":10.960205078125},"rotation":{"x":-0.04798049479722977,"y":-0.008398390375077725,"z":0.0004044588713441044,"w":-0.9988201856613159},"size":265.7502136230469,"orthographic":false}