{"cameraMode":{"drawMode":0,"name":"Shaded","section":"Shading Mode"},"sceneLighting":true,"audioPlay":false,"sceneViewState":{"showFog":true,"showMaterialUpdate":false,"showSkybox":true,"showFlares":true,"showImageEffects":true,"showParticleSystems":true},"in2DMode":false,"pivot":{"x":555.7105102539063,"y":218.28697204589845,"z":330.19195556640627},"rotation":{"x":0.10598836839199066,"y":-0.07599226385354996,"z":0.008123927749693394,"w":0.9914282560348511},"size":569.1156005859375,"orthographic":false}