{"cameraMode":{"drawMode":0,"name":"Shaded","section":"Shading Mode"},"sceneLighting":true,"audioPlay":false,"sceneViewState":{"showFog":true,"showMaterialUpdate":false,"showSkybox":true,"showFlares":true,"showImageEffects":true,"showParticleSystems":true},"in2DMode":false,"pivot":{"x":-1.9507094621658326,"y":1.3048007488250733,"z":-4.014427185058594},"rotation":{"x":0.09880351275205612,"y":-0.026864198967814447,"z":0.0026670359075069429,"w":0.9947476983070374},"size":2.503906726837158,"orthographic":false}