{"cameraMode":{"drawMode":0,"name":"Shaded","section":"Shading Mode"},"sceneLighting":true,"audioPlay":false,"sceneViewState":{"showFog":true,"showMaterialUpdate":false,"showSkybox":true,"showFlares":true,"showImageEffects":true,"showParticleSystems":true},"in2DMode":false,"pivot":{"x":-1.1594200134277344,"y":-0.08837556838989258,"z":2.4362125396728517},"rotation":{"x":0.12982076406478883,"y":-0.06835875660181046,"z":0.00897189974784851,"w":0.9891390800476074},"size":4.776503562927246,"orthographic":false}